Ref,Val,Package,PosX,PosY,Rot,Side
"C1","22u","C_0805_2012Metric",125.329426,-79.000000,0.000000,top
"C2","22u","C_0805_2012Metric",130.126373,-84.312087,90.000000,top
"C3","10u","C_0603_1608Metric",113.240811,-70.020545,0.000000,top
"C4","100n","C_0402_1005Metric",113.522814,-83.635378,0.000000,top
"C5","10p","C_0402_1005Metric",108.161968,-75.497313,-90.000000,top
"C6","100n","C_0402_1005Metric",109.770420,-74.226640,90.000000,top
"C7","100n","C_0402_1005Metric",118.690109,-83.619493,180.000000,top
"C8","10p","C_0402_1005Metric",108.161968,-77.497313,-90.000000,top
"C9","100n","C_0402_1005Metric",121.878632,-74.953479,-90.000000,top
"C10","100n","C_0402_1005Metric",113.250000,-71.500000,0.000000,top
"C11","10n","C_0402_1005Metric",109.780654,-78.508614,90.000000,top
"C12","1u","C_0402_1005Metric",109.229849,-82.000000,180.000000,top
"C13","1u","C_0402_1005Metric",109.224815,-83.571968,180.000000,top
"D1","RED","LED_0603_1608Metric",133.338461,-84.327655,-90.000000,top
"FB1","120R","L_0603_1608Metric",110.984028,-82.771218,-90.000000,top
"H1","MountingHole","MountingHole_2.1mm",100.000000,-65.000000,0.000000,top
"H2","MountingHole","MountingHole_2.1mm",100.000000,-90.000000,0.000000,top
"H3","MountingHole","MountingHole_2.1mm",135.000000,-65.000000,0.000000,top
"H4","MountingHole","MountingHole_2.1mm",135.000000,-90.000000,0.000000,top
"J1","Conn_01x04_Male","PinHeader_1x04_P2.54mm_Vertical",114.810000,-64.000000,-90.000000,top
"J2","Conn_01x04_Male","PinHeader_1x04_P2.54mm_Vertical",110.786894,-90.675388,90.000000,top
"J3","Conn_01x04_Male","PinHeader_1x04_P2.54mm_Vertical",129.810000,-64.020898,-90.000000,top
"J4","USB_B_Micro","USB_Micro-B_Wuerth_629105150521",133.949957,-76.032094,90.000000,top
"R1","1k5","R_0402_1005Metric",133.842924,-81.948772,0.000000,top
"R2","1k5","R_0402_1005Metric",113.820197,-86.939764,180.000000,top
"R3","1k5","R_0402_1005Metric",116.179341,-86.953910,0.000000,top
"R4","10k","R_0402_1005Metric",103.000000,-71.250000,90.000000,top
"R5","1k5","R_0402_1005Metric",125.304824,-75.515982,-90.000000,top
"SW1","SW_SPDT","SW_SPDT_PCM12",99.458485,-72.497802,-90.000000,top
"U1","AMS1117-3.3","SOT-223-3_TabPin2",125.329426,-84.500000,-90.000000,top
"U2","STM32F103C8T6","LQFP-48_7x7mm_P0.5mm",115.774207,-77.458730,0.000000,top
"Y1","16MHz","Crystal_SMD_3225-4Pin_3.2x2.5mm",105.661968,-76.497313,-90.000000,top
